Emperor of Sound/rydenoir/rydenoirpw/rydenoir@gmail.com
fake mitski/morningsbell/morningsbellpw/morningsbell@gmail.com
MalArken/MalArken/malarkenpw/malarken@gmail.com
Inglume/Inglume/inglumepw/inglume@gmail.com
PipePanic/PipePanic/pipepanicpw/pipepanic@gmail.com
Baja Frecuencia/bajafrequencia/bajafrequenciapw/bajafrequencia@gmail.com
Brad Taste in Music/BradTasteMusic/bradtastepw/bradtaste@gmail.com
wes/ElectricMess/electricmesspw/electricmess@gmail.com
real mitski/24kofficial/24kofficialpw/24kofficial@gmail.com
smallpeeble/smallpeeble/smallpeeblepw/smallpeeble@gmail.com
